{
  "restaurants": [
    {
      "id": "1",
      "nom": "Aire sur la Lys",
      "adresse": "5 avenue Carnot, 62120 AIRE SUR LA LYS, France",
      "telephone": "0321955566",
      "url_img": "http://airesurlalys.chticharivari.eu/imgs/img-ban.jpg",
      "url_local":"airsurlalys",
      "ouverture": "",
      "nb_places": "",
      "wifi": "",
      "terrasse": "",
      "parking": "true",
      "acces_handicapes": "",
      "infos_complementaires" : ""
    },
    {
      "id": "2",
      "nom": "Amiens",
      "adresse": "52 rue des Jacobins, 80000 AMIENS, France",
      "telephone": "0322914582",
      "url_img": "http://amiens.chticharivari.eu/imgs/img-ban.jpg",
      "url_local":"amiens",
      "ouverture": "Ouvert 6jrs/7 sauf Samedi midi et la journee du Dimanche ",
      "nb_places": "82",
      "wifi": "true",
      "terrasse": "",
      "parking": "",
      "acces_handicapes": "",
      "infos_complementaires" : "Canons à neige"
    },
    {
      "id": "3",
      "nom": "Arras",
      "adresse": "51-53 Grand Place, 62000 ARRAS, France",
      "telephone": "0321240250",
      "url_img": "http://arras.chticharivari.eu/imgs/img-ban.jpg",
      "url_local":"arras",
      "ouverture": "Ouvert 6jrs/7 (ferme tous les lundis) ",
      "nb_places": "86",
      "wifi": "",
      "terrasse": "",
      "parking": "",
      "acces_handicapes": "",
      "infos_complementaires" : ""
    },
    {
      "id": "4",
      "nom": "Béthune",
      "adresse": "136, rue Ludovic Boutleux, 62400 BETHUNE, France ",
      "telephone": "0981217573",
      "url_img": "http://bethune.chticharivari.eu/imgs/img-ban.jpg",
      "url_local":"bethune",
      "ouverture": "Ouvert 7jrs/7 sauf le lundi soir et le samedi midi",
      "nb_places": "102",
      "wifi": "",
      "terrasse": "Terrasse chauffée",
      "parking": "",
      "acces_handicapes": "",
      "infos_complementaires" : ""
    },
    {
      "id": "5",
      "nom": "Boulogne sur Mer",
      "adresse": "3-7 rue du Doyen, 62200 BOULOGNE SUR MER, France",
      "telephone": "0321300102",
      "url_img": "http://boulogne.chticharivari.eu/imgs/img-ban.jpg",
      "url_local":"boulognesurmer",
      "ouverture": "Ouvert 7jrs/7",
      "nb_places": "90",
      "wifi": "",
      "terrasse": "",
      "parking": "",
      "acces_handicapes": "true",
      "infos_complementaires" : "Formules de groupes - canons à neige"
    },
    {
      "id": "6",
      "nom": "Calais",
      "adresse": "",
      "telephone": "",
      "url_img": "",
      "url_local":"",
      "ouverture": "",
      "nb_places": "",
      "wifi": "",
      "terrasse": "",
      "parking": "",
      "acces_handicapes": "",
      "infos_complementaires" : ""
    },
    {
      "id": "7",
      "nom": "Douai",
      "adresse": "6 rue de la Boucherie, 59500 DOUAI, France",
      "telephone": "0327960960",
      "url_img": "http://douai.chticharivari.eu/imgs/img-ban.jpg",
      "url_local":"douai",
      "ouverture": "Ouvert 7jrs/7",
      "nb_places": "60",
      "wifi": "",
      "terrasse": "",
      "parking": "",
      "acces_handicapes": "",
      "infos_complementaires" : "Réservation souhaitée le samedi soir"
    },
    {
      "id": "8",
      "nom": "Dunkerque",
      "adresse": "49 bis digue de mer, 59240 Malo les bains",
      "telephone": "0328696202",
      "url_img": "http://dunkerque.chticharivari.eu/imgs/img-ban.jp",
      "url_local":"dunkerque",
      "ouverture": "Ouvert 7jrs/7",
      "nb_places": "185",
      "wifi": "",
      "terrasse": "Terrasse",
      "parking": "",
      "acces_handicapes": "",
      "infos_complementaires" : "Véranda"
    },
    {
      "id": "9",
      "nom": "Hénin-Beaumont",
      "adresse": "Avenue du Bord des Eaux, 62110 Henin-Beaumont",
      "telephone": "0321200808",
      "url_img": "http://heninbeaumont.chticharivari.eu/imgs/img-ban.jpg",
      "url_local":"heninbeaumont",
      "ouverture": "Ouvert 7jrs/7",
      "nb_places": "60",
      "wifi": "",
      "terrasse": "Terrasse",
      "parking": "",
      "acces_handicapes": "",
      "infos_complementaires" : "Animaux acceptes - Salle climatisee"
    },
    {
      "id": "10",
      "nom": "Le Touquet",
      "adresse": "80 rue de Londres, 62520 LE TOUQUET PARIS-PLAGE",
      "telephone": "0321052727",
      "url_img": "http://letouquet.chticharivari.eu/imgs/img-ban.jpg",
      "url_local":"letouquet",
      "ouverture": "Ouvert 7jrs/7",
      "nb_places": "76",
      "wifi": "",
      "terrasse": "Terrasse plein sud",
      "parking": "",
      "acces_handicapes": "",
      "infos_complementaires" : "A 100m de la plage et de la place du marche"
    },
    {
      "id": "11",
      "nom": "Lomme",
      "adresse": "1 Rue du Chateau d'Isenghien, ZA du Grand But, 59160 LOMME",
      "telephone": "0950325872",
      "url_img": "http://lomme.chticharivari.eu/imgs/img-ban.jpg",
      "url_local":"lomme",
      "ouverture": "Ouvert 7jrs/7",
      "nb_places": "90",
      "wifi": "",
      "terrasse": "true",
      "parking": "true",
      "acces_handicapes": "",
      "infos_complementaires" : "Salle climatisee"
    },
    {
      "id": "12",
      "nom": "Saint-Omer",
      "adresse": "76 Rue de Dunkerque 62500 SAINT-OMER",
      "telephone": "03 21 95 13 73",
      "url_img": "http://saintomer.chticharivari.eu/imgs/img-ban.jpg",
      "url_local":"saintomer",
      "ouverture": "Ouvert 6jrs/7 dont le samedi matin (ferme le lundi)",
      "nb_places": "86",
      "wifi": "",
      "terrasse": "",
      "parking": "",
      "acces_handicapes": "",
      "infos_complementaires" : ""
    },
    {
      "id": "13",
      "nom": "Valenciennes",
      "adresse": "3 rue Henri Lemaire, 59300 VALENCIENNES, France",
      "telephone": "0327300444",
      "url_img": "http://valenciennes.chticharivari.eu/imgs/img-ban.jpg",
      "url_local":"valenciennes",
      "ouverture": "Ouvert du Mardi midi au samedi soir",
      "nb_places": "",
      "wifi": "",
      "terrasse": "",
      "parking": "",
      "acces_handicapes": "",
      "infos_complementaires" : ""
    },
    {
      "id": "14",
      "nom": "Villeneuve d'Ascq",
      "adresse": "208 Rue Jean Jaures 59650, VILLENEUVE D'ASCQ",
      "telephone": "0320330405",
      "url_img": "http://villeneuve.chticharivari.eu/imgs/img-ban.jpg",
      "url_local":"villeneuvedascq",
      "ouverture": "Ouvert 7jrs/7 , tous les jours midi et soir",
      "nb_places": "",
      "wifi": "",
      "terrasse": "",
      "parking": "",
      "acces_handicapes": "",
      "infos_complementaires" : ""
    },
    {
      "id": "15",
      "nom": "Wimereux",
      "adresse": "84 Avenue Francois Mitterrand, 62930 WIMEREUX, France",
      "telephone": "0321300120",
      "url_img": "http://wimereux.chticharivari.eu/imgs/img-ban.jpg",
      "url_local":"wimereux",
      "ouverture": "Ouvert 7jrs/7",
      "nb_places": "130",
      "wifi": "true",
      "terrasse": "Terrasse",
      "parking": "true",
      "acces_handicapes": "true",
      "infos_complementaires" : ""
    }
  ]
}